OBJECT_NAME,OBJECT_ID,EPOCH,MEAN_MOTION,ECCENTRICITY,INCLINATION,RA_OF_ASC_NODE,ARG_OF_PERICENTER,MEAN_ANOMALY,EPHEMERIS_TYPE,CLASSIFICATION_TYPE,NORAD_CAT_ID,ELEMENT_SET_NO,REV_AT_EPOCH,BSTAR,MEAN_MOTION_DOT,MEAN_MOTION_DDOT
SCD 1,1993-009B,2026-05-20T08:56:33.249984,14.46106951,.00418613,24.9710,19.3104,203.4028,317.7975,0,U,22490,999,75708,.36140333E-4,.319E-5,0
TECHSAT 1B (GO-32),1998-043D,2026-05-20T11:00:43.521984,14.24422309,.00005908,99.0064,132.5196,354.4500,5.6671,0,U,25397,999,44738,.28007933E-4,.18E-6,0
SCD 2,1998-060A,2026-05-20T14:40:53.858208,14.45513971,.00166499,24.9950,242.2180,191.0129,191.9741,0,U,25504,999,45633,.33386651E-4,.302E-5,0
DLR-TUBSAT,1999-029B,2026-05-20T09:25:38.289792,14.52418528,.001538,98.6693,134.9837,76.0295,284.2609,0,U,25757,999,42921,.17282339E-4,.22E-6,0
TERRA,1999-068A,2026-05-20T15:23:53.511648,14.61078121,.0001523,97.9474,191.2774,355.5869,156.2181,0,U,25994,999,40558,.52480545E-4,.214E-5,0
MAROC-TUBSAT,2001-056D,2026-05-20T11:13:25.263264,13.70261213,.00194131,99.8070,316.8060,212.0243,174.1001,0,U,27004,999,22239,.9240002E-5,-.39E-6,0
AQUA,2002-022A,2026-05-20T14:41:26.849184,14.62109607,.00020106,98.4263,109.3480,69.7765,350.4033,0,U,27424,999,27924,.10225881E-3,.464E-5,0
SHIYAN-1 (SY-1),2004-012A,2026-05-20T10:46:45.277824,15.32961073,.00071761,97.8692,216.7327,116.5513,243.6465,0,U,28220,999,20684,.30184523E-3,.9533E-4,0
AURA,2004-026A,2026-05-20T14:19:51.035808,14.61280900,.00016128,98.3403,96.8260,73.7212,286.4166,0,U,28376,999,16218,.10428137E-3,.466E-5,0
IRS-P5 (CARTOSAT-1),2005-017A,2026-05-20T00:37:40.925568,14.90966532,.00023228,97.5325,164.3678,116.2015,243.9443,0,U,28649,999,13962,.9109696E-4,.847E-5,0
SINAH 1,2005-043D,2026-05-20T13:57:31.641408,14.64136294,.00144815,98.2823,274.7473,8.1763,351.9672,0,U,28893,999,9648,.40726621E-4,.165E-5,0
RESURS-DK 1,2006-021A,2026-05-20T14:25:52.974912,15.13083913,.00050309,69.9321,50.9563,325.6878,34.3962,0,U,29228,999,9840,.75928187E-4,.1238E-4,0
ARIRANG-2 (KOMPSAT-2),2006-031A,2026-05-20T15:07:33.572352,14.64639499,.00148968,97.8304,326.4104,155.6083,295.5034,0,U,29268,999,5744,.8612456E-5,.1E-7,0
LAPAN-TUBSAT,2007-001A,2026-05-20T13:52:31.232928,14.85919264,.00106889,98.1341,139.1815,277.6345,82.3655,0,U,29709,999,4705,.19062344E-4,.108E-5,0
HAIYANG-1B,2007-010A,2026-05-20T09:16:27.874272,14.31019278,.00122518,98.3487,123.3121,285.7308,74.2524,0,U,31113,999,99665,.31644644E-4,.41E-6,0
COSMO-SKYMED 1,2007-023A,2026-05-20T14:19:24.987936,14.96950698,.00012986,97.8856,332.2232,97.4895,262.6474,0,U,31598,999,2566,.14220673E-3,.1574E-4,0
TERRASAR-X,2007-026A,2026-05-20T11:04:06.028032,15.19150954,.00018653,97.4460,148.5621,92.2234,267.9214,0,U,31698,999,4901,.12516191E-4,.196E-5,0
WORLDVIEW-1 (WV-1),2007-041A,2026-05-20T14:07:58.937376,15.24577808,.00037705,97.3926,260.7272,131.8261,228.3299,0,U,32060,999,3867,.17223497E-3,.4173E-4,0
YAOGAN-3,2007-055A,2026-05-20T14:34:01.121088,14.90659516,.00017058,97.8165,170.7574,95.2017,264.9395,0,U,32289,999,176,.86161378E-4,.789E-5,0
COSMO-SKYMED 2,2007-059A,2026-05-20T14:48:06.316992,14.82160251,.00014563,97.8884,324.6150,90.3890,269.7490,0,U,32376,999,99791,.35255344E-4,.228E-5,0
RADARSAT-2,2007-061A,2026-05-20T14:37:17.915232,14.29981981,.00013126,98.5781,147.9357,85.1327,275.0005,0,U,32382,999,96201,.26704848E-4,.25E-6,0
CARTOSAT-2A,2008-021A,2026-05-20T13:59:10.377600,14.79196686,.00112428,97.7646,190.2314,194.1794,165.9104,0,U,32783,999,97472,.13840462E-3,.978E-5,0
HUANJING 1A (HJ-1A),2008-041A,2026-05-20T15:43:30.409248,14.83917493,.00176589,97.6676,127.5620,225.8607,134.1157,0,U,33320,999,95432,.12266255E-3,.97E-5,0
HUANJING 1B (HJ-1B),2008-041B,2026-05-20T14:41:16.697184,14.83265581,.00346672,97.6514,130.7748,274.5218,85.2036,0,U,33321,999,95432,.10860774E-3,.845E-5,0
GEOEYE 1,2008-042A,2026-05-20T14:54:58.834656,14.64695623,.00051451,98.1240,214.9013,136.1400,224.0213,0,U,33331,999,94611,.57534529E-4,.259E-5,0
THEOS,2008-049A,2026-05-20T15:10:01.846848,14.20130349,.00013623,98.5582,198.8076,87.8761,272.2572,0,U,33396,999,91405,.2228619E-3,.433E-5,0
COSMO-SKYMED 3,2008-054A,2026-05-20T14:02:37.965696,15.06756361,.00158693,97.8310,358.6972,6.9196,353.2247,0,U,33412,999,95278,.18140384E-3,.2639E-4,0
YAOGAN-4,2008-061A,2026-05-20T13:46:50.112768,14.83140687,.00148011,97.9303,74.2909,155.1589,205.0340,0,U,33446,999,94157,.70893914E-4,.525E-5,0
GOSAT (IBUKI),2009-002A,2026-05-20T14:13:34.983264,14.67536589,.00018889,98.0863,252.0240,103.6668,256.4747,0,U,33492,999,92741,.58892103E-4,.286E-5,0
DEIMOS-1,2009-041A,2026-05-20T15:33:34.542144,14.75203532,.00004055,97.7377,299.0745,39.9784,320.1456,0,U,35681,999,90282,.4585977E-5,-.16E-6,0
DUBAISAT-1,2009-041B,2026-05-20T14:47:59.203680,14.75070932,.0011043,98.0015,274.1835,153.0878,207.0906,0,U,35682,999,90103,.87823701E-4,.541E-5,0
OCEANSAT-2,2009-051A,2026-05-20T14:32:36.578688,13.99651575,.00147885,98.2303,130.2121,319.6201,40.3866,0,U,35931,999,87547,.2193081E-3,.283E-5,0
WORLDVIEW-2 (WV-2),2009-055A,2026-05-20T14:35:28.041216,14.37935543,.00033018,98.4683,214.4417,312.9268,47.1641,0,U,35946,999,87168,.34956397E-4,.62E-6,0
SMOS,2009-059A,2026-05-20T06:03:04.588416,14.39756041,.0001308,98.4428,327.9964,92.8768,267.2570,0,U,36036,999,86943,.52028E-4,.12E-5,0
YAOGAN-7,2009-069A,2026-05-20T06:20:07.140192,14.77977983,.0025701,98.0104,26.2991,127.2766,233.0793,0,U,36110,999,88550,.45541E-4,.277E-5,0
TANDEM-X,2010-030A,2026-05-20T09:29:15.005184,15.19151246,.00018641,97.4457,148.4986,88.8486,271.2962,0,U,36605,999,88242,.7903761E-5,.99E-6,0
CARTOSAT-2B,2010-035A,2026-05-20T14:16:21.712800,14.78622973,.00099938,97.9965,191.3175,282.1046,77.9045,0,U,36795,999,85577,.78519173E-4,.523E-5,0
YAOGAN-10,2010-038A,2026-05-20T14:42:34.202304,14.85253689,.00015846,97.8988,164.2371,90.3952,62.4434,0,U,36834,999,85311,.94699211E-4,.759E-5,0
COSMO-SKYMED 4,2010-060A,2026-05-20T15:06:21.486240,14.82158673,.00014075,97.8882,324.6286,85.1802,274.9572,0,U,37216,999,84048,.22690087E-4,.128E-5,0
RESOURCESAT-2,2011-015A,2026-05-20T13:39:56.436480,14.21605652,.00107604,98.7652,208.2000,342.8978,17.1835,0,U,37387,999,78225,.42061986E-4,.48E-6,0
HAIYANG-2A,2011-043A,2026-05-20T09:08:32.521344,13.75107710,.00064216,99.3396,143.6596,139.5092,220.6536,0,U,37781,999,74283,.24866246E-3,.194E-5,0
RASAT,2011-044D,2026-05-20T14:05:36.811968,14.68137888,.00191734,98.0564,232.4067,280.9902,204.0760,0,U,37791,999,78913,.14575263E-3,.791E-5,0
SRMSAT,2011-058D,2026-05-20T13:46:47.506080,14.11569051,.0011594,19.9712,226.6095,260.6203,126.6309,0,U,37841,999,75391,.48567166E-4,.355E-5,0
PLEIADES 1A,2011-076F,2026-05-20T15:11:04.904160,14.58552257,.0001191,98.1977,216.1039,102.7816,43.9694,0,U,38012,999,76797,.12666143E-3,.543E-5,0
ZIYUAN 1-02C (ZY 1-02C),2011-079A,2026-05-20T16:21:39.294720,14.38190602,.00072038,98.4078,208.5633,39.6939,111.6169,0,U,38038,999,75525,.19033638E-3,.535E-5,0
ARIRANG-3 (KOMPSAT-3),2012-025B,2026-05-20T14:12:09.900864,14.62178475,.00049709,98.1156,98.5316,186.5671,173.5466,0,U,38338,999,74731,.5587896E-4,.235E-5,0
EXACTVIEW-1 (ADS-1B),2012-039C,2026-05-20T13:49:03.624096,14.24975315,.00098948,98.9744,257.3471,248.8127,111.1995,0,U,38709,999,71877,.47858014E-4,.65E-6,0
SPOT 6,2012-047A,2026-05-20T14:52:43.658400,14.58544169,.00012937,98.2125,208.2491,95.2258,264.9089,0,U,38755,999,72903,.66037878E-4,.261E-5,0
PLEIADES 1B,2012-068A,2026-05-20T15:19:53.070816,14.58541051,.00013369,98.1948,216.0687,102.3490,257.7859,0,U,39019,999,71683,.73688732E-4,.297E-5,0
GOKTURK 2,2012-073A,2026-05-20T14:47:23.339040,14.75511448,.00021911,97.6830,339.4279,80.5739,279.5719,0,U,39030,999,72044,.3549655E-5,-.23E-6,0
LANDSAT 8,2013-008A,2026-05-20T15:00:45.780768,14.57115817,.00013217,98.1839,211.1308,102.3838,257.7509,0,U,39084,999,69388,.52544528E-4,.192E-5,0
SARAL,2013-009A,2026-05-20T14:20:14.191872,14.32848454,.00022809,98.5559,327.5142,38.0449,322.0896,0,U,39086,999,69165,.32626555E-4,.45E-6,0
GAOFEN-1,2013-018A,2026-05-20T14:48:45.763776,14.76541642,.00169962,97.9098,213.2435,0.1588,359.9624,0,U,39150,999,70417,.64713375E-4,.401E-5,0
VNREDSAT 1,2013-021B,2026-05-20T15:06:09.218304,14.64824418,.00015044,97.9092,195.1013,97.0424,263.0951,0,U,39160,999,69625,.94289322E-4,.458E-5,0
ARIRANG-5 (KOMPSAT-5),2013-042A,2026-05-20T15:09:32.317056,15.04501045,.00023978,97.6207,327.7195,195.2795,164.8359,0,U,39227,999,69971,.29443293E-4,.352E-5,0
SKYSAT-A,2013-066C,2026-05-20T13:04:01.643808,15.12799130,.00227589,97.3831,190.8229,53.2860,307.0458,0,U,39418,999,68430,.13542306E-3,.2327E-4,0
DUBAISAT-2,2013-066D,2026-05-20T13:42:32.709024,15.09954131,.00127316,97.4566,131.4457,122.7476,237.4983,0,U,39419,999,68222,.17803027E-3,.2831E-4,0
GPM-CORE,2014-009C,2026-05-20T13:42:38.594592,15.45033871,.00118463,64.9734,40.6865,265.0552,94.9236,0,U,39574,999,69354,.17834882E-3,.8237E-4,0
SENTINEL-1A,2014-016A,2026-05-20T14:18:21.599712,14.59199428,.00014409,98.1782,148.5315,85.0911,275.0453,0,U,39634,999,64599,.216067E-4,.56E-6,0
KAZEOSAT 1,2014-024A,2026-05-20T14:45:05.940576,14.42068242,.00016124,98.3208,213.7459,88.6476,271.4899,0,U,39731,999,63458,.10784373E-3,.312E-5,0
ALOS-2,2014-029A,2026-05-20T14:42:06.697728,14.79481114,.00015443,97.9227,238.1707,88.2771,271.8618,0,U,39766,999,64750,.99430082E-4,.691E-5,0
KAZEOSAT 2,2014-033A,2026-05-20T14:41:15.910944,14.85432694,.00100027,97.5420,341.6788,55.8173,304.3990,0,U,40010,999,64486,-.14437735E-4,-.175E-5,0
HODOYOSHI-4,2014-033B,2026-05-20T16:00:08.400960,14.88055004,.00246402,97.5449,326.8192,39.8560,320.4461,0,U,40011,999,64471,.93982899E-4,.816E-5,0
DEIMOS-2,2014-033D,2026-05-20T15:36:15.513120,14.93635941,.00021636,97.5855,16.1027,75.1903,284.9557,0,U,40013,999,63361,.59159587E-4,.571E-5,0
HODOYOSHI-3,2014-033F,2026-05-20T10:20:00.493728,14.85324622,.00344087,97.6395,304.5940,86.4474,274.0676,0,U,40015,999,64350,.90773364E-4,.736E-5,0
SPOT 7,2014-034A,2026-05-20T15:34:11.025408,14.60931928,.00012841,98.0637,203.8479,79.8747,280.2599,0,U,40053,999,63311,.11732505E-3,.529E-5,0
SKYSAT-B,2014-037D,2026-05-20T14:55:16.205376,14.87944836,.00060298,98.3823,98.0204,21.5285,338.6183,0,U,40072,999,64186,.92135997E-4,.783E-5,0
WORLDVIEW-3 (WV-3),2014-048A,2026-05-20T14:36:00.797184,14.84969523,.00026456,97.8570,215.8220,69.7146,290.4353,0,U,40115,999,63781,.62519854E-4,.479E-5,0
GAOFEN-2,2014-049A,2026-05-20T14:36:11.393280,14.80868047,.00066057,98.0117,204.8399,333.8948,26.1930,0,U,40118,999,63515,.13188151E-3,.965E-5,0
YAOGAN-21,2014-053A,2026-05-20T14:59:24.944928,15.25927882,.00082109,97.1486,182.0497,176.6121,183.5175,0,U,40143,999,65075,.29919486E-3,.7616E-4,0
YAOGAN-22,2014-063A,2026-05-20T15:43:29.459712,13.15530409,.00058021,100.7688,291.4751,249.9641,110.0846,0,U,40275,999,55619,-.47453E-7,-.47E-6,0
ASNARO,2014-070A,2026-05-20T15:13:07.722624,15.19653472,.0002632,97.3447,217.4877,220.2744,139.8297,0,U,40298,999,63982,.41132564E-3,.8709E-4,0
YAOGAN-24,2014-072A,2026-05-20T15:07:40.226016,14.76184136,.00138245,98.1456,277.7411,357.9174,2.1976,0,U,40310,999,61965,.12342469E-3,.801E-5,0
CBERS 4,2014-079A,2026-05-20T15:27:44.818272,14.35500685,.0002104,98.3542,198.3371,95.6113,264.5313,0,U,40336,999,60000,.5742672E-4,.123E-5,0
YAOGAN-26,2014-088A,2026-05-20T15:19:26.266944,15.46143427,.00062104,97.0649,141.5173,128.5254,231.6554,0,U,40362,999,63344,.21679614E-3,.1055E-3,0
SMAP,2015-003A,2026-05-20T14:13:04.006272,14.63411324,.00011864,98.1282,148.0782,71.1668,288.9663,0,U,40376,999,60358,.53544643E-4,.23E-5,0
KOMPSAT-3A,2015-014A,2026-05-20T14:32:04.888896,15.52657893,.00549093,97.6892,129.9808,277.4410,82.0605,0,U,40536,999,61753,.27564581E-3,.18012E-3,0
SENTINEL-2A,2015-028A,2026-05-20T14:12:55.641888,14.30816406,.00011681,98.5684,215.8342,83.6967,276.4349,0,U,40697,999,56978,.2087024E-3,.503E-5,0
GAOFEN-8,2015-030A,2026-05-20T15:12:49.748832,15.44878516,.00075936,97.6916,332.3721,296.1432,63.9034,0,U,40701,999,60719,.37370495E-3,.17485E-3,0
CARBONITE 1 (CBNT-1),2015-032D,2026-05-20T15:55:57.878112,14.83493542,.00152735,97.6498,319.8865,30.4656,329.7442,0,U,40718,999,58526,.19155406E-3,.1527E-4,0
YAOGAN-27,2015-040A,2026-05-20T14:02:27.095712,13.16066755,.00074813,100.1146,128.1677,280.1130,79.9140,0,U,40878,999,51403,-.12212521E-2,-.506E-5,0
GAOFEN-9 01,2015-047A,2026-05-20T14:21:55.609056,14.82825813,.00261895,97.6294,177.5448,228.3880,131.5091,0,U,40894,999,57610,.72179828E-4,.536E-5,0
YAOGAN-28,2015-064A,2026-05-20T16:09:17.593920,15.27025533,.00091883,97.3044,279.5093,290.3047,69.7205,0,U,41026,999,58648,.18045791E-3,.4718E-4,0
YAOGAN-29,2015-069A,2026-05-20T15:36:51.820992,14.83061776,.00030022,98.0039,169.2387,99.7637,260.3916,0,U,41038,999,56654,.10233357E-3,.779E-5,0
KENT RIDGE 1,2015-077B,2026-05-20T06:21:16.913376,15.22941594,.0008391,14.9791,113.6087,205.4948,154.4961,0,U,41167,999,57683,.8403E-4,.2792E-4,0
GAOFEN-4,2015-083A,2026-05-20T14:44:11.619168,1.00268985,.00025295,0.3572,83.0809,133.6037,348.3439,0,U,41194,999,3825,0,-.34E-5,0
JASON-3,2016-002A,2026-05-20T14:02:38.550624,12.87627293,.00084725,66.0400,183.8663,273.6981,86.3069,0,U,41240,999,48369,.63153998E-4,-.46E-6,0
SENTINEL-3A,2016-011A,2026-05-20T14:02:58.253280,14.26737574,.00011644,98.6257,208.3635,108.0492,252.0815,0,U,41335,999,53412,.43723687E-4,.62E-6,0
ZIYUAN 3-02 (ZY 3-02),2016-033A,2026-05-20T02:30:02.509344,15.21500562,.00132188,97.3835,216.4170,40.0419,320.1789,0,U,41556,999,55371,.17528029E-3,.3883E-4,0
CARTOSAT-2C,2016-040A,2026-05-20T14:17:25.705824,15.19243908,.00086969,97.4489,200.9491,223.7899,136.2647,0,U,41599,999,54952,.22502505E-3,.4678E-4,0
SKYSAT-C1,2016-040C,2026-05-20T12:42:50.772384,15.35780390,.0004407,96.9580,173.7565,112.6118,247.5594,0,U,41601,999,55362,.18618429E-3,.6408E-4,0
LAPAN-A3,2016-040E,2026-05-20T15:29:49.371648,15.32911585,.00121856,97.1490,137.7020,110.8233,249.4316,0,U,41603,999,55059,.69099003E-4,.2126E-4,0
GAOFEN-3,2016-049A,2026-05-20T14:38:44.698848,14.42211144,.00009543,98.4014,148.8127,86.7973,273.3326,0,U,41727,999,51467,.3823413E-5,-.31E-6,0
SKYSAT-C4,2016-058B,2026-05-20T00:30:04.092480,15.47630324,.00024082,96.9189,162.9896,68.6262,291.5246,0,U,41771,999,54111,.25027342E-3,.12833E-3,0
SKYSAT-C5,2016-058C,2026-05-20T09:14:27.434400,15.34025939,.00041331,97.0487,182.2715,57.8112,302.3532,0,U,41772,999,53948,.16699678E-3,.5424E-4,0
SKYSAT-C2,2016-058D,2026-05-20T00:36:53.461728,15.41369092,.00048,97.0182,163.1931,130.8880,229.2784,0,U,41773,999,54071,.21634935E-3,.8954E-4,0
SKYSAT-C3,2016-058E,2026-05-20T13:06:21.279168,15.51277467,.00027945,96.9038,172.4772,85.9121,274.2452,0,U,41774,999,54182,.27825642E-3,.16238E-3,0
ALSAT-1B,2016-059C,2026-05-20T13:53:36.218688,14.72249883,.0008336,97.7754,150.5346,323.7987,36.2656,0,U,41785,999,51651,.3503E-7,-.47E-6,0
PATHFINDER 1,2016-059E,2026-05-20T10:57:16.313184,14.67626261,.00270755,97.8170,140.9851,296.1697,63.6724,0,U,41787,999,51564,.67055702E-4,.336E-5,0
SCATSAT 1,2016-059H,2026-05-20T10:00:06.217632,14.79460540,.00540485,98.1205,203.8955,339.0061,20.8931,0,U,41790,999,9748,.92042129E-4,.646E-5,0
GOKTURK 1A,2016-073A,2026-05-20T16:17:21.574752,14.62751517,.00014645,98.1279,35.7806,82.4226,277.7142,0,U,41875,999,50480,.48785956E-4,.202E-5,0
RESOURCESAT-2A,2016-074A,2026-05-20T14:55:12.694944,14.21607379,.00028766,98.7527,214.3499,136.4126,223.7279,0,U,41877,999,49038,.18055231E-3,.352E-5,0
CARTOSAT-2D,2017-008A,2026-05-20T15:04:11.614944,15.19268297,.00041005,97.4118,200.4444,352.6223,7.4950,0,U,41948,999,51339,.31717284E-3,.6623E-4,0
SENTINEL-2B,2017-013A,2026-05-20T14:02:31.521120,14.30821069,.00012871,98.5692,215.7477,91.0448,269.0883,0,U,42063,999,48069,.15828758E-3,.371E-5,0
CARTOSAT-2E,2017-036C,2026-05-20T15:29:22.225632,15.19240117,.00040389,97.4281,200.8980,56.4765,303.6855,0,U,42767,999,49396,.17031343E-3,.3521E-4,0
FORMOSAT-5,2017-049A,2026-05-20T12:52:24.913344,14.50886386,.00118398,98.2255,216.4597,162.1208,198.0406,0,U,42920,999,46266,.34056756E-4,.91E-6,0
SENTINEL-5P,2017-064A,2026-05-20T06:56:41.930016,14.19513577,.00011232,98.7915,82.6212,77.7986,282.3316,0,U,42969,999,44560,.35346942E-4,.3E-6,0
SKYSAT-C11,2017-068A,2026-05-20T08:37:57.064800,15.56345995,.00016517,97.4331,288.0178,112.2847,247.8583,0,U,42987,999,47891,.2819288E-3,.19774E-3,0
SKYSAT-C10,2017-068B,2026-05-20T07:33:39.774816,15.34105191,.00016627,97.4473,276.9082,96.3563,263.7869,0,U,42988,999,47808,.19988478E-3,.6516E-4,0
SKYSAT-C9,2017-068C,2026-05-20T15:28:41.754144,15.40812878,.00076737,97.4397,277.9172,228.2925,131.7666,0,U,42989,999,47851,.22188972E-3,.9015E-4,0
SKYSAT-C8,2017-068D,2026-05-20T15:41:22.083648,15.36372945,.00016089,97.4493,276.9461,110.5725,249.5691,0,U,42990,999,47808,.21294219E-3,.7471E-4,0
SKYSAT-C7,2017-068E,2026-05-20T15:30:44.503488,15.36312733,.0005859,97.4503,277.9263,192.3610,167.7491,0,U,42991,999,47814,.21552075E-3,.7551E-4,0
SKYSAT-C6,2017-068F,2026-05-20T10:11:48.445728,15.33921135,.00015485,97.4541,277.7671,209.5123,150.6032,0,U,42992,999,47806,.19988112E-3,.6478E-4,0
CARTOSAT-2F,2018-004A,2026-05-20T06:45:44.917632,15.19233458,.00013515,97.4808,200.1852,47.7091,312.4258,0,U,43111,999,46309,.20301457E-3,.4208E-4,0
GAOFEN-1 02,2018-031A,2026-05-20T00:54:49.237632,14.76474033,.00045561,98.0537,202.6408,96.3731,263.7998,0,U,43259,999,43854,.29251909E-4,.152E-5,0
GAOFEN-1 03,2018-031B,2026-05-20T15:01:49.983744,14.76482960,.00032192,98.0529,203.0889,139.8736,220.2712,0,U,43260,999,43862,.65095447E-4,.402E-5,0
GAOFEN-1 04,2018-031D,2026-05-20T14:26:42.323136,14.76434936,.00018991,98.0536,203.2519,113.1468,246.9942,0,U,43262,999,43861,.12379705E-3,.809E-5,0
SENTINEL-3B,2018-039A,2026-05-20T10:02:18.234240,14.26740151,.0001322,98.6258,208.3472,77.1350,282.9978,0,U,43437,999,42016,.45814457E-4,.67E-6,0
GAOFEN-5 01,2018-043A,2026-05-20T09:15:02.712384,14.60583325,.00023873,98.4557,111.3915,134.1148,226.0248,0,U,43461,999,42763,.46559827E-4,.177E-5,0
GAOFEN-6,2018-048A,2026-05-20T15:02:22.458912,14.76596828,.00104854,97.7767,204.3183,264.1763,95.8253,0,U,43484,999,42932,.12597597E-3,.831E-5,0
GAOFEN-11 01,2018-063A,2026-05-20T15:04:59.725920,15.54422398,.00056638,97.1299,207.6006,82.5354,277.6544,0,U,43585,999,43606,.25761964E-3,.16837E-3,0
ICESAT-2,2018-070A,2026-05-20T15:41:33.217152,15.28274294,.0002651,92.0054,283.5466,122.8043,237.3462,0,U,43613,999,42825,.22808501E-3,.6281E-4,0
HYSIS,2018-096A,2026-05-20T14:27:07.320384,14.78629322,.00010326,97.9845,207.5640,115.5624,244.5694,0,U,43719,999,40334,.1109863E-3,.761E-5,0
KAZSTSAT,2018-099AB,2026-05-20T08:14:43.732608,14.99794782,.00059592,97.4288,173.5394,142.4332,217.7309,0,U,43783,999,40713,.34607762E-4,.373E-5,0
SAUDISAT 5A,2018-102A,2026-05-20T14:13:28.542144,15.27729949,.00085364,97.3077,202.7092,223.5525,136.5041,0,U,43831,999,41146,.13568779E-3,.3606E-4,0
SAUDISAT 5B,2018-102C,2026-05-20T14:47:29.896800,15.28003213,.00091851,97.3183,205.7521,226.8382,133.2091,0,U,43833,999,41158,.12697646E-3,.3398E-4,0
GAOFEN-10R,2019-066A,2026-05-20T15:01:04.073376,14.82991119,.00045214,98.0485,94.0081,215.0805,145.0111,0,U,44622,999,35829,.87515633E-4,.656E-5,0
CARTOSAT-3,2019-081A,2026-05-20T15:02:06.152640,15.19240655,.00111503,97.4314,202.9331,244.1076,115.9010,0,U,44804,999,35928,.30716173E-3,.6415E-4,0
GAOFEN-12 01,2019-082A,2026-05-20T15:19:51.773952,14.80432827,.00024229,97.8106,147.7459,104.1630,255.9852,0,U,44819,999,35001,.34067877E-4,.21E-5,0
CSG-1,2019-092A,2026-05-20T15:24:37.028736,14.82156729,.00013904,97.8886,324.6438,93.8110,266.3262,0,U,44873,999,34739,.5975672E-5,-.5E-7,0
NEMO-HD,2020-061F,2026-05-20T14:10:58.600992,15.43978770,.00026496,97.1930,202.8324,114.3474,245.8051,0,U,46277,999,31772,.16658871E-3,.7501E-4,0
SENTINEL-6A,2020-086A,2026-05-20T12:35:31.691040,12.80931400,.00078916,66.0399,192.5082,270.1805,89.8306,0,U,46984,999,25678,.46207476E-4,-.5E-6,0
CAS500-1,2021-022A,2026-05-20T16:19:36.057216,15.20130058,.00065377,97.3924,36.4856,40.8724,319.3001,0,U,47932,999,28658,.19223375E-3,.409E-4,0
GAOFEN-12 02,2021-026A,2026-05-20T15:31:34.212864,14.80271239,.00041457,97.9921,138.9415,341.5783,18.5278,0,U,48079,999,27768,.33691764E-4,.204E-5,0
PLEIADES NEO 3,2021-034A,2026-05-20T15:10:36.653952,14.81674083,.00014872,97.8931,215.7948,97.0962,263.0420,0,U,48268,999,27357,.155468E-3,.1172E-4,0
PLEIADES NEO 4,2021-073E,2026-05-20T14:21:58.418784,14.81676618,.00014724,97.8931,215.7573,92.8856,267.2525,0,U,49070,999,25728,.90487758E-4,.66E-5,0
LANDSAT 9,2021-088A,2026-05-20T10:53:46.721472,14.57136180,.00015491,98.1862,211.0424,101.4926,258.6447,0,U,49260,999,24696,.56292279E-4,.209E-5,0
CSG-2,2022-008A,2026-05-20T14:35:59.301600,14.82153364,.00014673,97.8881,324.6059,88.7746,271.3635,0,U,51444,999,23250,.83927632E-4,.616E-5,0
GAOFEN-12 03,2022-069A,2026-05-20T16:07:12.365760,14.79985483,.0000836,97.8309,29.2317,105.6764,254.4541,0,U,52912,999,21054,.85423788E-4,.595E-5,0
SWOT,2022-173A,2026-05-20T13:11:44.301984,14.00172958,.00009689,77.6107,72.6167,95.0725,265.0537,0,U,54754,999,17528,.64912725E-4,.93E-6,0
GAOFEN-12 04,2023-123A,2026-05-20T14:58:59.276352,14.80167749,.00016209,97.9131,59.0379,93.6447,266.4950,0,U,57654,999,14855,.83831932E-4,.585E-5,0
PARS 1,2024-039Q,2026-05-20T14:26:24.358848,15.45106059,.00085417,97.4819,120.6690,201.9821,158.1063,0,U,59065,999,12438,.16430389E-3,.769E-4,0
RESURS-P 4,2024-061A,2026-05-20T15:14:33.251712,15.31954190,.00008511,97.2742,89.0206,62.0952,298.0376,0,U,59371,999,11954,.6863178E-4,.2042E-4,0
LEGION 1,2024-081A,2026-05-20T13:57:24.790752,15.16922496,.00115566,97.5017,218.7362,113.5614,246.6834,0,U,59625,999,11335,.13044152E-3,.2508E-4,0
LEGION 2,2024-081B,2026-05-20T13:05:23.543232,15.17157021,.00123642,97.5016,218.7982,89.7036,270.5615,0,U,59626,999,11335,.13258001E-3,.2568E-4,0
ALOS-4 (DAICHI-4),2024-123A,2026-05-20T13:32:35.075904,14.79470710,.00016749,97.9227,238.1271,97.3324,262.8077,0,U,60182,999,10179,.12148217E-3,.856E-5,0
LEGION 3,2024-146A,2026-05-20T14:03:20.573856,15.15813675,.00080546,45.0002,178.5617,354.6141,5.4650,0,U,60452,999,9783,.11362143E-3,.1944E-4,0
LEGION 4,2024-146B,2026-05-20T15:42:48.828384,15.15811643,.00126741,45.0019,270.1023,160.4067,199.7301,0,U,60453,999,9669,.19016467E-3,.3436E-4,0
SENTINEL-2C,2024-157A,2026-05-20T04:48:43.994880,14.30821123,.00014959,98.5697,215.3772,87.7585,272.3769,0,U,60989,999,8898,.4211481E-4,.67E-6,0
IONOSFERA-M 1,2024-199A,2026-05-20T15:01:24.182112,14.22748745,.00008481,98.7207,14.0844,144.4090,215.7144,0,U,61735,999,12378,.31204009E-4,.26E-6,0
IONOSFERA-M 2,2024-199B,2026-05-20T14:09:36.884736,14.22751753,.00018988,98.7206,13.9596,67.4686,292.6693,0,U,61736,999,12690,.32264382E-4,.28E-6,0
PRSC-EO1,2025-012A,2026-05-20T15:10:02.982144,15.17698651,.00053975,97.4226,213.6286,11.4224,348.7131,0,U,62725,999,7401,.2485636E-3,.4945E-4,0
BIOMASS,2025-090A,2026-05-20T01:53:24.172800,14.67536442,.0001433,98.0745,327.8020,98.5313,261.6054,0,U,63772,999,5656,.76138718E-4,.384E-5,0
GOSAT-GW (IBUKI GW),2025-141A,2026-05-20T15:28:33.807936,14.67558787,.0001435,98.0564,78.4108,84.9765,275.1604,0,U,64694,999,4780,.76130953E-4,.384E-5,0
IONOSFERA-M 3,2025-155A,2026-05-20T13:59:30.937344,14.21481093,.00007269,98.6011,103.1859,4.6117,355.5067,0,U,64876,999,4248,.29066953E-4,.21E-6,0
IONOSFERA-M 4,2025-155B,2026-05-20T14:49:44.857920,14.21483158,.00006148,98.6009,103.1376,62.0509,298.0731,0,U,64877,999,4248,.29725849E-4,.22E-6,0
MICROCARB,2025-156A,2026-05-20T05:13:21.091008,14.72292807,.001638,97.9834,217.8540,6.8406,353.3022,0,U,64899,999,4385,.58911E-4,.323E-5,0
CO3D 3,2025-156B,2026-05-20T13:00:33.631488,15.20190717,.00003127,97.4328,219.6328,147.8994,212.2260,0,U,64900,999,4533,.13077734E-3,.2764E-4,0
CO3D 4,2025-156C,2026-05-20T13:00:48.252960,15.20197368,.0001566,97.4326,219.6325,66.3047,293.8352,0,U,64901,999,4533,.13224561E-3,.2796E-4,0
CO3D 2,2025-156D,2026-05-20T13:47:33.552960,15.20199860,.00009098,97.4326,219.5636,136.9502,223.1805,0,U,64902,999,4533,.14742927E-3,.3125E-4,0
CO3D 1,2025-156E,2026-05-20T13:47:46.400640,15.20200564,.00007427,97.4329,219.5638,127.9884,232.1418,0,U,64903,999,4533,.13650015E-3,.2888E-4,0
PRSC-S1,2025-164A,2026-05-20T13:10:51.154752,15.06168683,.0005899,41.1304,83.4332,182.2803,177.7984,0,U,65055,999,4426,.18424607E-3,.2569E-4,0
SENTINEL-6B,2025-264A,2026-05-20T12:36:01.607904,12.80931167,.00080377,66.0399,192.6335,269.3095,90.6999,0,U,66514,999,2362,-.11770718E-4,-.64E-6,0
CAS500-3,2025-274F,2026-05-20T07:31:33.054528,14.88245365,.0004677,97.7445,69.0009,191.4984,168.6126,0,U,66655,999,2600,.93946572E-4,.814E-5,0
CSG-3,2026-001A,2026-05-20T01:07:51.854016,14.82159939,.0001313,97.8885,324.0569,90.8913,269.2451,0,U,67304,999,2029,.26754E-4,.161E-5,0
PRSC-E03,2026-092A,2026-05-20T14:47:38.054688,15.06529824,.00039736,38.0010,252.2445,181.0749,179.0004,0,U,68835,999,379,.11513751E-3,.1625E-4,0
CAS500-2,2026-100AK,2026-05-20T15:26:04.582176,15.20364154,.00091188,97.4095,38.9724,111.3984,248.8225,0,U,69013,999,262,.19651978E-3,.4213E-4,0
